title, id
test24,15e4b4dc-557c-4bf7-92c1-91d2382c7530
test24,37335907-0323-4bb9-89a4-168dc67f4f27
test24,3f6b16cb-8e4f-48fe-ab9e-e8c4b362c654
test24,abc
test24,00d94ddb-100d-4cb2-9df7-327b05782317
test24,ecab481d-5a1c-48c3-9fbe-b5f3aa58af82
test24,abc
test24,abc123
test25,976fdbe3-9065-4f3b-bb6f-5e9c99d9ac6e
test26,19c9f548-6fc1-436c-8ec1-d44f7ee692e8
test26,44c3bdd2-b042-416a-91b2-34ee4c3e3918
test27,5632a966-996a-4616-8853-acc70a10325e
test28,720ceceb-e0b6-4edc-be1c-88b363d338a8
test29,7ebe1826-205f-4de0-baca-4ea2e6c69d03
test30,88015b4e-d0ae-4359-84b7-ff9186ad7af8
test31,3ef6b2db-d945-4f89-8fbc-2e5296738b56
test31,fcab7967-541a-4907-9cd0-f88d02b7f3f7
test31,f7d683ac-b5dc-4327-ab64-306c9a69f4b2
test32,a09dd67b-7f30-4532-b04f-f83f7f61ee9a
test33,f63585e2-281e-4c68-8e2a-8e94b874812f
test34,71be0684-bba3-4b67-b810-097250280877
test35,4fb88264-60f6-40f7-995f-b9d055a66bd2
test36,c28c75ec-bdba-4036-8575-56c46923ed7e
test37,c45895eb-f7e5-4b77-bbcd-234598818fb9
test37,2997d314-97eb-479a-9062-9e058eade86a
test38,81fe9c29-9293-42eb-9d8c-de847e29dc2b
test39,5ffe7baa-3c6d-4add-86b4-99b1b8835649
test40,40c4b177-2b4d-455a-81a6-31b91fd95297
test40,6190dd98-0901-454b-9620-f7c14b1c1e87
test40,f5da5695-0f52-4d0f-a92c-1df090b69b02
test40,40911e0b-e3ad-4a90-823a-b1721d7ae05a
test41,0872a203-f63c-438c-973c-b670c96dffaa
